CGPA,HSC,predicted_package
7.0,74,7.5001546290350305
8.0,65,7.840335420862036
9.0,90,10.171508306211429
9.5,85,10.312319406631953
