Experience,Package_predicted
2,5.148195329087048
1,2.9026893135173375
4,9.639207360226468
8,18.62123142250531
10,23.11224345364473
1,2.9026893135173375
2,5.148195329087048
4,9.639207360226468
